index,document_id,overall,nid,nid_s,teds,teds_s,mhs,mhs_s
1,'156754256,0.25851163187883053,0.4204118173679498,0.7655851257746993,0.046719077454312474,0.10687022900763354,0.30840400081422936,0.7142857142857143
