index,document_id,overall,nid,nid_s,teds,teds_s,mhs,mhs_s
1,'156754241,0.7285017680858137,0.8764215314632299,0.8764215314632299,,,0.5805820047083974,0.7333333333333334
