index,document_id,overall,nid,nid_s,teds,teds_s,mhs,mhs_s
1,'156754239,0.7284068598002869,0.8771662540468482,0.8771662540468482,,,0.5796474655537255,0.7333333333333334
