index,document_id,overall,nid,nid_s,teds,teds_s,mhs,mhs_s
1,'156754246,0.6460508410656766,0.8904593639575971,0.8918314061917195,0.7906976744186046,0.8604651162790697,0.2569954848208281,0.7857142857142857
